,title,url,duration,add_date
0,"""Fallen Kingdom"" - A Minecraft Parody of Coldplay's Viva la Vida (Music Video)",https://www.youtube.com/watch?v=I-sH53vXP2A,,
1,"""Revenge"" - A Minecraft Parody of Usher's DJ Got Us Fallin' In Love (Music Video)",https://www.youtube.com/watch?v=cPJUBQd-PNM,,
2,5 Second Video: Watch the Milky Way Rise,https://www.youtube.com/watch?v=QC8iQqtG0hg,00:00:07,2023-04-19 12:53:37.293304
3,Attack on Titan - 'So ist es immer' with Lyrics,https://www.youtube.com/watch?v=_jqSy8E9JLQ&pp=ygUOYW90IGxldnkgdGhlbWU%3D,00:04:49,2023-04-04 17:31:31.711581
4,Attack on Titan Season 2 OST - Counterattack Mankind (Sasha version) Original full clean HQ,https://www.youtube.com/watch?v=6v9IwQ09WAw,00:03:40,2023-04-20 15:41:34.009797
5,Attack on Titan: Counter Attack Mankind (Different version),https://www.youtube.com/watch?v=ikmBtnYCvaA,,
6,Bergendy: JÖJJ VISSZA VÁNDOR,https://www.youtube.com/watch?v=fWh6J5Tg274,,
7,Black Sabbath ~ War Pigs,https://www.youtube.com/watch?v=LQUXuQ6Zd9w,,
8,Bob Dylan - Knockin' On Heaven's Door (Official Audio),https://www.youtube.com/watch?v=rm9coqlk8fY,00:02:31,
9,Bob Dylan - The Times They Are A-Changin' (Official Audio),https://www.youtube.com/watch?v=90WD_ats6eE,,
10,Boku no Hero Academia OST #03: My Hero Academia Main Theme,https://www.youtube.com/watch?v=4jIXcSxBP7U,,
11,C418 - Aria Math (Minecraft Volume Beta),https://www.youtube.com/watch?v=atgjKEgSqSU,00:05:09,2023-03-06 13:51:36.224680
12,CONFEDERATE SONG ~ THE IRISH BRIGADE,https://www.youtube.com/watch?v=-ot7amDyqbY,,
13,CYBERPUNK 2077 SOUNDTRACK - I REALLY WANT TO STAY AT YOUR HOUSE by Rosa Walton & Hallie Coggins,https://www.youtube.com/watch?v=gzbLODUb1sA,00:04:07,
14,CYBERPUNK 2077 SOUNDTRACK - WHO'S READY FOR TOMORROW by Rat Boy & IBDY (Official Video),https://www.youtube.com/watch?v=jLXTBbMRxK8,00:01:56,
15,Die Eisenfaust am Lanzenschaft  German knight style songEnglish translation,https://www.youtube.com/watch?v=5D2jyuJaSAU,03:03,2023-05-05 09:16:40.298176
16,Die Grenzwacht hielt im Osten [German folk song][+English translation],https://www.youtube.com/watch?v=NlqyBIQ-Cac,,
17,Dire Straits - Money For Nothing,https://www.youtube.com/watch?v=JRDgihVDEko,00:08:22,2023-03-13 12:44:23.736283
18,Do You Hear the People Sing? (+ reprise) Lyrics,https://www.youtube.com/watch?v=gYb9sRLUDyM,,
19,Dry Hands,https://www.youtube.com/watch?v=w_vk7UwFBhc,00:01:08,
20,Eddy Grant - Gimme Hope Jo Anna  1988,https://www.youtube.com/watch?v=R-ZplG81oZg,,
21,Everybody Wants to Rule the World but you're watching the Kuwaiti oil fields burn,https://www.youtube.com/watch?v=lB8mDkJzXx0,00:04:20,2023-04-21 16:55:32.894361
22,Fallschirmjäger remix - ORIGINAL EXTENDED (better start),https://www.youtube.com/watch?v=JOmDesDG1eM,,
23,Fekete Vonat - A város másik oldalán,https://www.youtube.com/watch?v=VcPqIjRlurQ,,
24,Florence + The Machine - Shake It Out,https://www.youtube.com/watch?v=WbN0nX61rIs,,
25,Florence + The Machine - What The Water Gave Me,https://www.youtube.com/watch?v=am6rArVPip8,,
26,God Bless Robert E. Lee,https://www.youtube.com/watch?v=bJ9H57dJujg,,
27,Grits - My Life Be Like (Ooh-Aah) with lyrics,https://www.youtube.com/watch?v=t-yCg-0-baE,,
28,Gym Class Heroes: Stereo Hearts ft. Adam Levine [OFFICIAL VIDEO],https://www.youtube.com/watch?v=T3E9Wjbq44E,,
29,Hair - Let the Sunshine In,https://www.youtube.com/watch?v=fhNrqc6yvTU,00:06:31,2023-03-09 14:45:03.055231
30,Hanezeve Caradhina (ft.Takeshi Saito) | Made in Abyss OST [ Lyrics ],https://www.youtube.com/watch?v=sFzDQ2OjFko,,
31,Hobo Blues Band - Hey Joe,https://www.youtube.com/watch?v=-rKC6S1mFxU,00:09:42,2023-03-30 17:30:04.537472
32,Hunter X Hunter - Opening 1 | Departure!,https://www.youtube.com/watch?v=faqmNf_fZlE,00:01:30,
33,Irish Rebel Song- Come Out ye Black and Tans,https://www.youtube.com/watch?v=S7woEXovruc,,
34,"IV. István, a király: István, a király!/Felkelt a napunk",https://www.youtube.com/watch?v=6vJMM-GgkI8,00:02:10,
35,JUST AWAKE / Fear and Loathing in Las Vegas (Japanese HQ),https://www.youtube.com/watch?v=DU5unyrT0YY,00:03:39,
36,Just The Two Of Us,https://www.youtube.com/watch?v=g97La0u55_g,,
37,Kaoma - Lambada (Official Video) 1989 HD,https://www.youtube.com/watch?v=iyLdoQGBchQ,,
38,Kárpátia - A világtól elzárva,https://www.youtube.com/watch?v=4qvnwp2bR24,,
39,"Kárpátia - Ott, ahol zúg az a négy folyó",https://www.youtube.com/watch?v=05fWeVTahhE,,
40,Kárpátia-Hol vagytok székelyek.,https://www.youtube.com/watch?v=taPB1pPygSw,,
41,Maroon 5 - This Love (Official Music Video),https://www.youtube.com/watch?v=XPpTgCho5ZA,,
42,Minecraft FULL SOUNDTRACK,https://www.youtube.com/watch?v=Dg0IjOzopYU,02:06:53,
43,My Hero Academia - Opening | The Day,https://www.youtube.com/watch?v=yu0HjPzFYnY,,
44,My Way (2008 Remastered),https://www.youtube.com/watch?v=qQzdAsjWGPg,00:04:36,2023-03-09 14:52:27.862183
45,"Máté Péter - Kell, hogy Várj (eredeti változat)",https://www.youtube.com/watch?v=1dzAi_Wv5jk,,
46,NORTHUNDER - Scotland The Brave (''Epic Metal'' Remix),https://www.youtube.com/watch?v=WDnck4fR2Aw,,
47,Ozzy Osbourne - Crazy Train (Official Animated Video),https://www.youtube.com/watch?v=tMDFv5m18Pw,,
48,P. Mobil - Menj tovább,https://www.youtube.com/watch?v=KaXEsvk2MR8,,
49,P.Mobil - Kétforintos Dal,https://www.youtube.com/watch?v=9GsTKIqSZyE,,
50,P.Mobil - Menj Tovább,https://www.youtube.com/watch?v=6cYfFZAGiVs,,
51,Parks and Recreation Opening Theme Credits (Extended),https://www.youtube.com/watch?v=QDIxi99xbOg,,
52,Pirates Of The Caribbean (Complete Score) - Captain Jack Sparrow,https://www.youtube.com/watch?v=VT4ItHUYOYE,,
53,Pirates of the Caribbean - Soundtr 02 - The Medallion Calls,https://www.youtube.com/watch?v=8TTUBMTInVE,,
54,Pirates of the Caribbean - Soundtr 03 - The Black Pearl,https://www.youtube.com/watch?v=mP-BeFi58tQ,,
55,Pirates of the Caribbean - Soundtrack 01 - Fog Bound,https://www.youtube.com/watch?v=meb_4cEriyw,,
56,Pirates of the Caribbean 2 - Soundtr 01 - Jack Sparrow,https://www.youtube.com/watch?v=Pd8HAy9WAYs,,
57,Pirates of the Caribbean 2 - Soundtr 03 - Davy Jones,https://www.youtube.com/watch?v=ZDIns7pDIio,,
58,Portal - 'Still Alive',https://www.youtube.com/watch?v=Y6ljFaKRTrI&pp=ygULc3RpbGwgYWxpdmU%3D,03:05,2023-05-12 08:17:32.000188
59,Porter Robinson & Madeon - Shelter (Official Video) (Short Film with A-1 Pictures & Crunchyroll),https://www.youtube.com/watch?v=fzQ6gRAEoy0,06:06,2023-05-11 13:52:54.525420
60,Rome  - One Fire,https://www.youtube.com/watch?v=xDcK_z5GA5s,,
61,Samurai Champloo - Shiki No Uta (HQ),https://www.youtube.com/watch?v=cNplZrRSjeI,00:05:022023-03-24 13:31:34.452216,
62,SiM – The Rumbling (OFFICIAL VIDEO),https://www.youtube.com/watch?v=OBqw818mQ1E,00:03:432023-03-27 14:25:21.210403,
63,Super Smash Bros. Ultimate Main Theme - Lifelight,https://www.youtube.com/watch?v=EhgDibw7vB4,00:03:49,2023-03-21 13:51:43.656641
64,SUPER-Hi x NEEKA - Following The Sun (Official Music Video),https://www.youtube.com/watch?v=uZsY4S4ckMU,00:03:26,2023-03-27 08:23:42.439551
65,Survive Said The Prophet - MUKANJYO | Official Music Video,https://www.youtube.com/watch?v=5DjFpPSuGR0,,
66,System Of A Down - Chop Suey! (Official HD Video),https://www.youtube.com/watch?v=CSvFpBOe8eY,,
67,System Of A Down - Lonely Day (Official HD Video),https://www.youtube.com/watch?v=DnGdoEa1tPg,,
68,System Of A Down - Toxicity (Official HD Video),https://www.youtube.com/watch?v=iywaBOMvYLI,,
69,"Take Me Home, Country Roads | Fallout 76 (Original Trailer Soundtrack)",https://www.youtube.com/watch?v=FRPeYP6gS-s,00:03:02,2023-03-31 14:23:45.431027
70,Tears For Fears - Everybody Wants To Rule The World (Official Music Video),https://www.youtube.com/watch?v=aGCdLKXNF3w,00:04:51,2023-04-21 16:42:33.815091
71,The British Grenadiers fife and drum,https://www.youtube.com/watch?v=PGrxHO-B2TY,,
72,The HU - The Great Chinggis Khaan (Official Music Video),https://www.youtube.com/watch?v=pD1gDSao1eA,00:05:07,2023-03-17 15:18:00.950645
73,The Night They Drove Old Dixie Down,https://www.youtube.com/watch?v=wanJQC5KAfo,,
74,The Promised Neverland OST - Isabella’s Lullaby,https://www.youtube.com/watch?v=rTJjtSP-ORc&pp=ygURbHVsbGFieSBuZXZlcmxhbmQ%3D,00:05:23,2023-03-21 13:27:49.284064
75,The Way of the Househusband ED / Ending Kiwami”meoto kaido,https://www.youtube.com/watch?v=nC0DdnPeDmc&pp=ygUed2F5IG9mIHRoZSBob3VzZWh1c2JhbmQgZW5kaW5n,00:03:07,2023-03-09 17:30:05.930787
76,The Way of the Househusband OP / Opening Shufu no michi,https://www.youtube.com/watch?v=pUTxmAPQ2QQ,00:03:05,2023-03-09 17:25:48.880296
77,Torches / Aimer [English subtitle] (Anime Vinland Saga Ending/ED),https://www.youtube.com/watch?v=GEt_poMSw_U,,
78,Unser liebe Fraue [Landsknecht song][+English translation],https://www.youtube.com/watch?v=3H_mNXda4rE,,
79,Utopia,https://www.youtube.com/watch?v=kSxnMgw9l-E,00:03:40,
80,VINLAND SAGA OST - Somewhere Else (Edited Ver.),https://www.youtube.com/watch?v=zuNyi9YAtzg,00:05:34,2023-03-28 17:48:15.320508
81,"Várj, míg felkel majd a nap",https://www.youtube.com/watch?v=qPYGPdMkPTo,,
82,Warren Zevon- Roland the Headless Thompson Gunner (cover by Lauren O'Connell),https://www.youtube.com/watch?v=eZUQ2FdwIyY,,
83,Wolfenstein: The New Order (Soundtrack)- Wilbert Eckart & Volksmusik Stars - House of the Rising Sun,https://www.youtube.com/watch?v=x_artPecEaM,,
84,Yi Jian Mei (xue hua piao piao bei feng xiao xiao),https://www.youtube.com/watch?v=W8x4m-qpmJ8,00:03:55,2023-03-31 14:14:57.759344
